id,content
1,Meeting with the UI/UX team scheduled for Thursday at 3 PM to discuss the new app design.
2,Finalize the list of job candidates for the backend developer position by next Wednesday.
3,Reminder: Review the monthly budget with the finance team before the 15th.
4,The marketing team needs to submit the Q2 campaign proposals by the end of this week.
5,Update the project management tool with the latest deadlines for the frontend team.
6,HR to organize a team-building event for the new hires next month. Ideas welcome!
7,Data science team meeting moved to Friday 10 AM to discuss the new ML model deployment.
8,Send the client the latest version of the API documentation by tomorrow noon.
9,Schedule a code review session for the new feature branch before merging it into main.
10,Prepare the quarterly report on software development lifecycle improvements.
11,Deadline for submitting expense reports is next Friday. Please comply to avoid delays.
12,The security audit report for our web application will be ready by next meeting.
13,Customer feedback on the new release has been overwhelmingly positive.
14,Remember to update the SSL certificates for our web servers before they expire.
15,The next sprint planning session is set for Monday morning. Prioritize your tasks.
16,All team leads to provide a status update on current projects by EOD Thursday.
17,DevOps to present a workshop on containerization best practices next Tuesday.
18,The annual performance review schedule will be shared by HR by the end of the week.
19,Reminder: Submit all documentation for third-party software licenses to legal by Wednesday.
20,Marketing to finalize the product launch press release and share it with stakeholders for feedback.
21,Backend team has identified a potential bottleneck in the database layer; planning optimization tasks.
22,Frontend team reports a 15% improvement in load times after the latest deployment.
23,The new feature set for the mobile app will be discussed in the next product team meeting.
24,AI research division is exploring new models to improve our recommendation engine.
25,Sales team updated the CRM pipeline with the latest client interactions.
26,Customer support highlighted the most common issues reported last month for product improvement.
27,Tech talk on cybersecurity best practices is scheduled for the first Friday of next month.
28,Legal department confirms the new software license agreement has been finalized.
29,Finance requests all departments to submit their updated budget forecasts for the next quarter.
30,HR is planning a series of workshops on diversity and inclusion.
31,Marketing is reviewing the latest trends for the upcoming social media campaign.
32,Product team is collecting user feedback on the beta release of our latest software.
33,R&D department is filing patents for three new technologies developed last quarter.
34,The company newsletter for next month is focusing on employee achievements.
35,Operations team is upgrading the internal network infrastructure to support remote work.
36,QA team is setting up automated testing for the new web application features.
37,Cloud services are being evaluated for cost optimization and performance improvements.
38,Employee training sessions on the new project management software start next week.
39,An external audit on data privacy compliance is scheduled for the end of the month.
40,Board meeting to discuss the strategic direction for the next fiscal year is coming up.
41,"The new version of the client dashboard will integrate real-time analytics, aiming for deployment next quarter."
42,Weekly check-in for the cross-functional team on the ERP integration project is moved to Tuesday mornings.
43,Reminder to all staff: Update your security settings in response to the latest IT bulletin on email phishing threats.
44,The product design team has proposed new features for the mobile app based on recent user feedback surveys.
45,Dev team is investigating the use of blockchain for enhancing our application's data security measures.
46,"HR has launched a new portal for managing employee benefits, requiring all employees to update their details by the end of the month."
47,Marketing's A/B testing for the new landing page designs has shown a 20% increase in conversion rates.
48,"The annual developer conference has been scheduled for the third week of September, with a call for internal speakers."
49,"Finance has approved additional budget for cloud resources, anticipating the need for scaling up due to increased user traffic."
50,"An internal hackathon is being organized for next month, focusing on innovative solutions for remote collaboration tools."